regen1xv7pkdjtumtvakyfgwc7daknzxrdk8yhh9kng7,30000000,MAINNET,1
regen1wts9f35khx5r94p3rdwgk3evv0v06ewrfl90th,5000000,MAINNET,1
regen1fe64cfja86k4rr8e2qrvc499dulfpxt3anuscs,3000000,MAINNET,1
regen1km3h0ardvj0zl7ccnl5uw9gprrell5ngds64d2,7500000,MAINNET+1YEAR,24
regen1yz3c47fkm5e2yd4dtxk30sug4ntcxc9ng2cf69,2151942,MAINNET,1
regen1xgplygxjyzh7ngzc8wal8w40wr6m7qn2sm9mzx,993479,MAINNET,1
regen1ma0pk6g6wsxuksgnefsrtgsceqx6x0nksez2ts,4000000,MAINNET,1
regen1p62d756unkyn83wa9ls8dzmlg3d2u24fz65lt2,2000000,MAINNET,1
regen1zxcfa9nrjamf5kt3q7ruwh2nscmm7su2temk4u,1232258,MAINNET,1
regen1a9n7pm80p5ag9926z6k3v8l2hs05w6n9t9g0nv,865000,MAINNET,1
regen1a9n7pm80p5ag9926z6k3v8l2hs05w6n9t9g0nv,35,MAINNET,1
regen1a9n7pm80p5ag9926z6k3v8l2hs05w6n9t9g0nv,46,MAINNET,1
regen1g49npg8zk7nvfxm3v9jrzvvmwd3dmw45kh5y5l,11600,MAINNET,1
regen10gjchvqd3k6ke4ctm9kwaq49wk00uxh6sr7re9,2353,MAINNET,1
regen1a9n7pm80p5ag9926z6k3v8l2hs05w6n9t9g0nv,446451,MAINNET,1
regen1a9n7pm80p5ag9926z6k3v8l2hs05w6n9t9g0nv,10884,MAINNET,1
regen1guxj7n4twyal7kgznlwaa25lpuhsl73u3hfxsq,1423012,MAINNET,1
regen1rlf9x4lzp04vl3eyt238834pzq8hakr799nhwe,498,MAINNET,1
regen1rlf9x4lzp04vl3eyt238834pzq8hakr799nhwe,660087,MAINNET,1
regen1rlf9x4lzp04vl3eyt238834pzq8hakr799nhwe,642,MAINNET,1
regen1rlf9x4lzp04vl3eyt238834pzq8hakr799nhwe,837864,MAINNET,1
regen1guxj7n4twyal7kgznlwaa25lpuhsl73u3hfxsq,336,MAINNET,1
regen1zdn0xmrfm27vq92jdf9lscujgx6lhru8g50f6s,114100,MAINNET,1
regen10cexzazvlq4dkvqn4f86r4s98zuv3r4fjn268c,567500,MAINNET,1
regen1v3dfnu32h5jyqrt536c6yzc907766gvgg6ene7,5647,MAINNET,1
regen1kdgm58gyd0ths4fpr2sm7annrvj03v2a6ujrz7,56180,MAINNET,1
regen1hzcn9z46vra0487sdl0257f9huauylkxrpma70,288000,MAINNET,1
regen1e5hrgj6ud2v5mptvksjt3c42vy5snyd5m73wvm,585000,2020-05-10,24
regen1tzxjn4f95gghuzvw904jgh78n44qattc55e54l,1007333,MAINNET,1
regen1guxj7n4twyal7kgznlwaa25lpuhsl73u3hfxsq,238096,2020-06-19,24
regen1v5hrqlv8dqgzvy0pwzqzg0gxy899rm4k547w43,715543,2020-06-27,24
regen14nhr6f0ng22ckgye2wrp7f2ntcqw93zqnn3ra9,238096,2020-07-11,24
regen15w48fcnndw0ygz6due737udnkc9cfeff70zxzz,28853,2020-07-11,24
regen10xv3mmp66rf95w0js8mc7ckm6dlwgcsm69jkel,299198,2020-07-23,24
regen1nh65e9u46gpemuvl8zt9tdfcz497s05syyfrmt,23810,2020-07-23,24
regen16na5gpcj80tafv5gycm4gk7garj8jjsgm0q2dk,167712,2020-07-29,24
regen1umgh3p7f7wgx8gd6nn3knntyhecqv4gvesdscs,238096,2020-07-24,24
regen10cexzazvlq4dkvqn4f86r4s98zuv3r4fjn268c,119048,2020-07-25,24
regen1umgh3p7f7wgx8gd6nn3knntyhecqv4gvesdscs,2154946,2020-07-25,24
regen16na5gpcj80tafv5gycm4gk7garj8jjsgm0q2dk,166667,2020-07-29,24
regen133mvw4llmjkgsmz38qnqlhfmt0tpy2r6cxqqrf,238228,2020-09-03,24
regen1zdn0xmrfm27vq92jdf9lscujgx6lhru8g50f6s,51905,2020-09-11,24
regen1ml0frn5u8nmrj3fzjdf4hlst8w863akjsx27a8,49145,2020-10-01,24
regen1gdstxh9drqpyy38yxcky373x3fyddpdgnrupk8,142858,2020-10-08,24
regen1guxj7n4twyal7kgznlwaa25lpuhsl73u3hfxsq,63986,2020-11-14,24
regen14vlj4nel5r68n93zfypc3lwtwcheutuggyyxns,72511,2020-11-18,24
regen19hglnhnv05470arvvvc6nfngzx0kq39apzht35,238096,2020-11-18,24
regen1v3dfnu32h5jyqrt536c6yzc907766gvgg6ene7,23810,2020-11-20,24
regen1g64dpka2cg5jeuej3cth7vzsea4ldrm4drhdwy,4763,2020-11-20,24
regen1kmjlq5fqwc63ycw57qa4c7kkw7e0xu83n5k0v5,29253,2020-11-26,24
regen1nj6dh7y6r7l6vfz9zpg09smejs4lk6pq9yppxf,20409,MAINNET,1
regen15ac4yml09dflm8kyvy3fd67fq75uz8awxclc0e,30600,2021-03-10,24
regen1v5hrqlv8dqgzvy0pwzqzg0gxy899rm4k547w43,285738,2021-04-18,24
regen15rahrgurtn3v5msh04efsmzmkuz5dx3p8s04rf,28572,2021-07-15,24
regen1z9wadr792xx8w2ev9kvu8md85602k42g4gxf2j,197143,2021-08-24,24
regen1pa2xzexy7uh9nhs8vptman2kl4mrlyhays0v0z,314286,2021-08-25,24
regen1tk36vf05jhnjhx9pqdmdd85v0zr5hacfgn4xww,13685,2021-08-27,1
regen1wka5gzxfkmk7mhlpkrygw78rzctg3ntsge2l0t,285744,2021-09-01,24
regen1835fa86jwethgdptqthdkfspstxejl3u599220,88329,2021-09-03,24
regen1pyl9zwvxfq2dleyte3tdrjmqzp7lzuxx3qgr4u,56676,2021-09-04,24
regen1wtpc6lfnfrksmqydtv4dcvrzed0p76r520r9g4,28572,2021-09-07,24
regen1kdgm58gyd0ths4fpr2sm7annrvj03v2a6ujrz7,142858,2021-09-15,24
regen12h92lzp5cdwfzlsrcxqeh8jw66fr8940c7ml0a,28572,2021-09-18,24
regen13zpcmzffesteq4pwvtnr7r259pntuvz4rawn4v,14286,2021-09-21,24
regen1slhsz52jutwyx83vatda795rlczzvf7ezu8zvv,15423,2021-09-30,24
regen1qxgm263lgup7dtnd9m0mg8rh0lhwre7sjrdj66,571429,2021-12-03,24
regen1rspja2xkal9ywvp76tcdtxxvsg2q9edk8dcfvg,21987,2021-10-29,24
regen1cggtugpyjf8g20sty89wnaszp3rhqv4cdpdfqm,16261,2021-10-29,24
regen17s656qzye9846zrcxpta6zqt99p2r5f5xe8mew,21740,2021-11-17,24
regen1kw2c6a72grhdtnkgjyq90ee5mnfd94l64gsev5,2173914,2021-12-17,24
regen10jsw8uvkajrd299k5k3y9s3kxlfsj0skultx37,54348,2021-12-18,24
regen10jsw8uvkajrd299k5k3y9s3kxlfsj0skultx37,21740,2021-01-14,24
regen1zn53ez99jyjhlywj0fu935pe0t85lkt0jllh6m,2179,2022-01-06,24
regen19eey2hc8v2uc9fh99mmufms9ep9chfpfrjsne6,2173914,2022-01-11,24
regen1q26lc8rfw6h2px8um0er0wsd5ds2v83s40x6nj,64284,2022-01-13,24
regen14v5g0954l8q7kwtgt240rh229l3v6zuunt56zy,369566,2022-01-19,24
regen14v5g0954l8q7kwtgt240rh229l3v6zuunt56zy,126988,2022-01-20,1
regen1wy4yezkv578upwl5yse53r65fh72chxn9ldcsq,4762,2022-01-20,1
regen1zy8knphzhf9u8xeyjc6k3eps96q48hlmw7wdc4,31747,2022-01-20,1
regen1lp3jvsja69fx37g53qrpf3gm6mackwsvrg0vu4,15874,2022-01-21,1
regen1tvzt4txzhuktvdfv0uhzgh3k7w4e8yzmdf2nww,10870,2022-01-21,24
regen1hxh7pf878rj682jxj36wjy6zt3pyzlqp0zju25,4762,2022-01-21,1
regen14nhr6f0ng22ckgye2wrp7f2ntcqw93zqnn3ra9,545412,2022-01-21,24
regen1uygmm78q793l90vem2xvr0fx5tvmt6krjz9w57,19566,2022-01-25,24
regen1qc60ztmn89hzn9w8zxd77m7lcpygcjdca5g3vh,65218,2022-01-26,24
regen18eq96e6zgsuaxer3snu8xkagltm3px5m76hzcz,15999,2022-01-27,1
regen18eq96e6zgsuaxer3snu8xkagltm3px5m76hzcz,87599,2022-01-27,24
regen1jqs3l46av7tuqmhngp0rdehzwca6cua40mjpnz,1593,2024-01-28,1
regen1zy8knphzhf9u8xeyjc6k3eps96q48hlmw7wdc4,21740,2022-01-28,24
regen1lyv3cgtldkcrwahh0xqt6lw4hp28k89mmed3gv,2179,2022-01-28,24
regen1rfyl38zhwytme7sjhsmf2wwj0gldaremxx9hfr,39683,2022-01-29,1
regen1lp3jvsja69fx37g53qrpf3gm6mackwsvrg0vu4,4348,2022-01-29,24
regen1vwnvwkhkz9m2rr3d2al0ggmaff587awj4cptke,1601,2022-01-29,1
regen1sznvffkrlr3eqq4mfl90j56v0x47f2t2r8a40x,4762,2022-01-29,1
regen1984ym33nggaaucj7pcec4a6ywrxw8lq5df7a92,1593,2022-01-30,1
regen16fa0zwa2gc6et49u9mjq3wnycn7t8j049jduyt,1593,2022-01-30,1
regen17dqm2ud9kjy6ue4j2exgjxfyg9nj32q0nxh330,76087,2022-01-30,24
regen1q9qe0f66qn366t7ls3kkru32rtk334y8nguvsz,5379,2022-01-26,24
regen1m03acs2kdcwstykwwhx0r5p92cez7ey0suf7nu,2386,2022-01-31,1
regen1n5pv7ehszva2kvaxahjwvqvphkp23lz90ckn99,4348,2022-02-01,24
regen1hms4lpl55sgq25ln05t6xz5qln0zfwz7m6fyv8,8696,2022-02-01,24
regen1qk0skmtqs4zd6xhcks68uz5my8l3twfj6saswl,8696,2022-02-03,24
regen1920krx8vwsggm4nhwx7ngk7u78m08gf6pxlnd3,6447,2022-02-03,24
regen1zaj2cqms7a63qakfugjyzdaky0ekchkftwna0m,10870,2022-02-06,24
regen1j5az0zsgacwks4v5qvlwpqycqvgw3nlsmgg2jy,100316,2022-02-06,1
regen1j5az0zsgacwks4v5qvlwpqycqvgw3nlsmgg2jy,137389,2022-02-06,24
regen1pm6e78p4pgn0da365plzl4t56pxy8hwtqp2mph,543479,2022-02-07,24
regen1uygmm78q793l90vem2xvr0fx5tvmt6krjz9w57,17392,2022-02-08,24
regen1jzqfg3rq8hdav6wfcmrdk5l47y8wdwxx7c4pfa,21740,2022-02-06,24
regen182ckcndusy25lng570864xtk25whk6ptkf4j2g,21740,2022-02-10,24
regen1tv2edevd60qj0rc0zzmut26l868xdd9muqufx9,86957,2022-02-10,24
regen1wy4yezkv578upwl5yse53r65fh72chxn9ldcsq,31747,2022-02-10,1
regen1knvufwz3qj59ucclglehfv27veatvny7cqg2gn,8791,2022-02-09,1
regen1984ym33nggaaucj7pcec4a6ywrxw8lq5df7a92,2179,2022-02-11,24
regen1u26sz6kydnmpr5zq6nureav4xhasak8n5cxds8,31747,2022-02-10,1
regen1vwnvwkhkz9m2rr3d2al0ggmaff587awj4cptke,2386,2022-02-11,1
regen1rymfw64cg4ffkjy8ls8anv3622g4lcgtyz0l4a,2183,2022-02-11,24
regen189cq3yr0nsgr67cp7q6q0gj4xv9rtzkkpv3fyu,41305,2022-02-10,24
regen10valuxrrt5guceq5eu8tcf566vkegylkanzf68,21740,2022-02-10,24
regen1j4vc4arytknz9uvhcykzsazctz58lzef0hrmld,1593,2022-02-12,1
regen1j5az0zsgacwks4v5qvlwpqycqvgw3nlsmgg2jy,53059,2022-02-12,1
regen1sw0gdwv5e6qhpz62cr0gr0xa532rhhmp67jasq,1588,2022-02-12,1
regen1sl3jy9580xdpqzy645l5f0r3p83evljva2rkzw,1588,2022-02-11,1
regen1sl3jy9580xdpqzy645l5f0r3p83evljva2rkzw,2179,2022-02-11,24
regen1xhhquwctvwm40qn3nmmqq067pc2gw22e6q3p3c,4762,2022-02-12,1
regen1xhhquwctvwm40qn3nmmqq067pc2gw22e6q3p3c,28261,2022-02-12,24
regen1yqvxyhzqd4e6mg6hhd0x08jr5yg6mdzjpuvv9w,2829,2022-02-12,24
regen1qj3r53xfzkm9jk4fh6a3mhjm5gfedhgh0ztpm9,10870,2022-02-13,24
regen12p4dwxd4zusmz2c5r7za8nzcjkxl3wthmqex9a,10870,2022-02-13,24
regen1jzqfg3rq8hdav6wfcmrdk5l47y8wdwxx7c4pfa,10874,2022-02-13,24
regen17dqm2ud9kjy6ue4j2exgjxfyg9nj32q0nxh330,15874,2022-02-13,1
regen1sznvffkrlr3eqq4mfl90j56v0x47f2t2r8a40x,14286,2022-02-11,1
regen1hxh7pf878rj682jxj36wjy6zt3pyzlqp0zju25,6522,2022-02-14,24
regen1eef3zlxmge0jnkp3vrwkn3csuyze8eyg6f3aal,3175,2022-02-14,1
regen1dp5evmfuf4fwx295w049s99nyfz29fvttj0wc3,30022,2022-02-15,24
regen1lyv3cgtldkcrwahh0xqt6lw4hp28k89mmed3gv,2179,2022-02-15,24
regen1mn4c8kwzm9uvtquzrazr23w0pcdwdkcm7psp4f,5556,2022-02-14,1
regen16fl09ams6v2ktwhrsn5ghpmlgexwqf5a3lj7kz,3969,2022-02-10,1
regen18cu95qe7s58ard3nxcf9newkvty7l0c0ulf0xh,108696,2022-02-14,24
regen14u0vfw9cmr07qrpmsqjh88yhla2rlnnym65092,15874,2022-02-15,1
regen1dy69x4ls39u5kmmu7tcjye9jnrmh6g6mzrmcsz,3175,2022-02-15,1
regen1qryzcujn658shgk74nlqh93qpaqlfkadq26k2v,4762,2022-02-16,1
regen1l9sdckges543mvujcwwqaszfusn43ul42u43x7,6522,2022-02-16,24
regen1l9sdckges543mvujcwwqaszfusn43ul42u43x7,3175,2022-02-16,1
regen17kav8azytka7486y92e6tewk2sh6r8er98un9f,5674,2022-02-16,24
regen1afllqnt53t7rapl2v67rd93ww9e07g47qafanz,79366,2022-02-16,1
regen13yd53zavqcfrzml6jtaf8n8se8q4lcyqt8qqsz,54348,2022-02-15,24
regen1lehlhuapmw5f9f0q3uyctne4x59klh35s8v04v,43479,2022-02-16,24
regen150tcpahw4m80aysv54qua6unysp9ya55la9lzk,13044,2022-02-12,24
regen1cr8x9lmfnuup8gmqxun2fy76y0lsvnp6l4nprt,5435,2022-02-16,24
regen1u22e5p2l7h4ujw98fpxsce8vtq6n4pqd509qa8,2195,2022-02-16,24
regen1u22e5p2l7h4ujw98fpxsce8vtq6n4pqd509qa8,7966,2022-02-16,1
regen1zg3e253xscy6q7x9vsfq7yfnmmfw0u0lpsgxrf,6238,2022-02-17,24
regen15e6erw6ahv4dh969atnqd8q0u4gqp65j3m4qm8,2179,2022-02-19,24
regen1jvyuwrrqxtyy947pqqtkezyls7jlum6msp3l9m,5653,2022-02-19,24
regen184p75d3c6fvssahqq3hxyz8sz3rh02a6fv9dcm,10870,2022-02-19,24
regen1jzqfg3rq8hdav6wfcmrdk5l47y8wdwxx7c4pfa,10870,2022-02-19,24
regen12h92lzp5cdwfzlsrcxqeh8jw66fr8940c7ml0a,43479,2022-02-17,24
regen1sgy8pwhpfnneagmruhur2dyl24uxrs2stvk5ka,1588,2022-02-18,1
regen16t6zy36uc4hjh85hnh5yt9w334ss02cjkvs90f,5435,2022-02-19,24
regen1t5pglkgph0lewcrlg5kjxe2u4e64wt7zc8js4w,7937,2022-02-20,1
regen10ly6x72gn9jaq97yt0xr0mxgmzg4zxyg6xyhcv,15218,2022-02-19,24
regen15m87r9w4x6mcxmwrcxhv74dj0shen6wpvkvkml,239131,2022-02-15,24
regen1t567rklp5vpwv903y9ma9ytdffs4lmnvmx44mt,2179,2022-02-14,24
regen1kwauwcw9h9233rf0x0rm28620htnjl3afpumqs,12450,2022-02-20,24
regen1saxjhp7cyerc9wt9yf5ae6skjt2lt36mq8z3sd,21957,2022-02-21,24
regen1fm7snt0pw4pjlu6dpd2rravcdejwu8xfqkswl0,31747,2022-02-16,1
regen1e9puq5qtnp8evrc0el0xwmh4eujkr3ycngdk06,2179,2022-02-18,24
regen1e9puq5qtnp8evrc0el0xwmh4eujkr3ycngdk06,4762,2022-02-18,1
regen1gq6vvgcxufda84jpgtyeekka5zkav3jjlrt9yp,21714,2022-02-21,24
regen1e52pptxh60cmfm55hm7ryudrfdr5xv0hnvtv9a,21740,2022-02-21,24
regen1p5alw86t9lppj7a65cwc5gcrx8e2994xlu3xft,1593,2022-02-19,1
regen1dvhqlgx08j69tx435m59wa0az7r5mkx5q0sddh,10870,2022-02-22,24
regen1v8f3kfdwr0jqvlu2gz5adf5e5p67hlpsjuy4m5,6073,2022-02-19,1
regen105r9gjzpdqmvqhtenyjzfnfzve0uy5f5r6gfhk,11270,2022-02-22,1
regen1r6d09wmx0syljh7ndttvf54c5fp05mq4x86mgy,21740,2022-02-22,24
regen1gj3cutdr0lutcqrvj2ddqsklw6j8l2ghh2l9sl,21740,2022-02-22,24
regen17pnuwemrduurdvz6efpsk6yazp294p5kj9282l,15874,2022-02-22,1
regen18ggr5wgzqxd8eyy53j44ymzjl0ze0v2jzsjwzw,4355,2022-02-22,24
regen1cxqvnmq8hemfekv55s07yurdyk2vfvj3z9asc0,10870,2022-02-23,24
regen1cxqvnmq8hemfekv55s07yurdyk2vfvj3z9asc0,7937,2022-02-23,1
regen1l3tknn6zdsy2n0sakv593vw6tw24ut63dfz4qa,4762,2022-02-22,1
regen1p3qgdre4gn579yfu5d4ffu2vtd0g39aurezm9m,21740,2022-02-24,24
regen1f393xxclas4xezr84vw7r4mrzmuzryveqmqyez,10870,2022-02-22,24
regen1mud9h4cqujltxhu968khu2f2lzddf7ngam8vhc,3969,2022-02-23,1
regen186x6qse5z495fggp7wh0pe5anvkda0waed7vrc,2858,2022-02-23,1
regen1ah7qh4af2fa8d0h4aef9sxqqec8wkmqaxtxa0r,45858,2022-02-22,24
regen1aqyn69cvuap69kwz4vupfajrwqgzfal68f6n4k,32609,2022-02-21,24
regen1smg9d5rmvz3zfpp8zt3gs6j4zm07kug3rzgehq,2179,2022-02-24,24
regen1smg9d5rmvz3zfpp8zt3gs6j4zm07kug3rzgehq,1595,2022-02-24,1
regen1z2npk8204ap0u8vgcqytm3knrk3p733m0nf46n,158731,2022-02-24,1
regen1jj6ye46dnq9j0z026m4d0wuh0rxrvv65kvnx06,32609,2022-02-24,24
regen1epk27pwa63ymf6f2zh7udy73azy5crtmylr9xk,15874,2022-02-24,1
regen1s337q3sksx5slqjsjyk99yzq26vc9dnru6twkh,336984,2022-02-24,24
regen1prmkxlgwgv2tfgar7rhw7l3j95y0jv56m0reea,6522,2022-02-24,24
regen1vh2md2lzqdtuvgejtlsf5dq2qx2e4mz8w9mw0n,2723,2022-02-17,24
regen1vh2md2lzqdtuvgejtlsf5dq2qx2e4mz8w9mw0n,1990,2022-02-17,1
regen10y9nym4tk2a3a4tja6p56cs5kkm0tysl2w0fh0,5435,2022-02-25,24
regen10aet8pnh0d7zhr2pamuqfjj75pd6sp7npk374z,23914,2022-02-25,24
regen1tvzt4txzhuktvdfv0uhzgh3k7w4e8yzmdf2nww,10870,2022-02-25,24
regen1saxjhp7cyerc9wt9yf5ae6skjt2lt36mq8z3sd,5437,2022-02-17,24
regen1q0qm0uszpy0vft44vhxx3rjm550gk5xt3gcgeq,45653,2022-02-23,24
regen165matfdgh5ym9xk6skkwx7w29kans3j30u2zqd,10000,2022-02-24,24
regen17ju74smkwp0c2fmq4dm9lwh328krtqheh3xyzl,10870,2022-02-23,24
regen1rspja2xkal9ywvp76tcdtxxvsg2q9edk8dcfvg,43479,2022-02-24,24
regen1zaj2cqms7a63qakfugjyzdaky0ekchkftwna0m,32609,2022-02-17,24
regen1kl83t6gm2y5lgg5c5h3sz87tt5fg3cmyrddngu,215283,2022-02-25,24
regen1tlk9c5ckae3j5szc95uxz4v02vxxqyccpa8vgq,14326,2022-02-25,1
regen1pa2xzexy7uh9nhs8vptman2kl4mrlyhays0v0z,239131,2022-02-26,24
regen1zppjyal5emta5cquje8ndkpz0rs046m778mxes,108696,2022-02-26,24
regen1vm6vqjjz399fey7c2rkapet4yp6zfs755z4att,21740,2022-02-26,24
regen1z89utvygweg5l56fsk8ak7t6hh88fd0atg6xnv,4762,2022-02-25,1
regen1e8yj6geqq0g349fy4k9n2gf66l6yu4n4gj6ulq,15874,2022-02-25,1
regen1c362wx6uzfuncgm4t0rex675pzxq7nmpwtf6c0,167667,2022-02-21,24
regen1h6f6hlyzchw6wghxlmyhezu5yswsh9faf565xt,14286,2022-02-26,1
regen1k4pe2gjahthx2zmrs9dchhv9wfkfg6aneg92ra,50000,2022-02-24,24
regen14y4jpwq4wtvxkp0ncnktumtkfytza3zv0vkuum,10653,2022-02-14,24
regen14y4jpwq4wtvxkp0ncnktumtkfytza3zv0vkuum,3334,2022-02-14,1
regen1gknadwsqnm0jhezhmccsp0d428k9nsuhnew7jt,4348,2022-02-26,24
regen174tvh2dty7vsvwn2cfsmkwq8tplqgr5fduvkkk,4954,2022-02-26,24
regen1rvpt68sr46q4rrs3stay3nvnafmyvgyjnw8ecq,10870,2022-02-26,24
regen1992f4dtlklcht5t8w4apkez788zwtkkf7ac9v7,5000,2022-02-25,24
regen12aesv4dwukd7r75vxht2vh8a33u4nkd6tyxu90,3983,2022-02-26,1
regen1335tvzav84kwlytujq7hc6lts9n3r4ge67qmrp,10000,2022-02-26,24
regen1lp3jvsja69fx37g53qrpf3gm6mackwsvrg0vu4,6350,2022-02-26,1
regen1rh793h4h9v608t2ttv3vvawqs3u6tvuft4664x,155204,2022-02-25,24
regen1ezu5zvn0s9343dxjpp0t967an3dee4sgyyuy3s,9524,2022-02-26,1
regen1tjef8uhe804ga2n40rsdwfzp6zukyc682hl6eg,4675,2022-02-27,1
regen1e79eryjjx8ec0j7r4wz6xlxevlavqacm0m9tw7,15874,2022-02-26,1
regen12hem6yu8rz0wl3tpp7uas54q27d0q53kj3068l,2544,2022-02-24,24
regen13cqv2ey9l29h48wcyth2mjq6kqr7uchue6zzmt,1869,2022-02-27,1
regen1prk4pyjhk0z8jwn7qz9ppsz98aanj0rrcx6uj2,5435,2022-02-27,24
regen17pwjvfwvysx9watqft76rgjdkvvc9angtkvrjk,4348,2022-02-27,24
regen1pdujv32j59ycprvjd8e0c82dw90c3hy0cltcrx,219771,2022-02-27,24
regen1vtvsryrkgcvwnwxt0m8a5p3n46pcwztglwnmku,1595,2022-02-27,1
regen10386s0yz7grheny3spfhc3av2uwk52j3tjj6fn,328307,2022-02-27,24
regen14ualw5s00dhytkfrrptukg6cv8p6s9c6wy4a5p,48006,2022-02-27,1
regen15ud5tuucf67pk9834xll4q4wl78lznc9ddyevd,4348,2022-02-27,24
regen1nt0yghxe0l8h6kqj5glfy6kh4rg4t9lnq6lymf,43479,2022-02-27,24
regen1849m9wncrqp6v4tkss6a3j8uzvuv0cp736rske,54348,2022-02-27,24
regen1vggjuu2fn9l4jrc4hlg4wxwmhw7s5dvqn0qvnd,132609,2022-02-27,24
regen1pnz0m5e5aw29ecvqd0wp3udj4r4q3ypcltx4dq,2005,2022-02-26,1
regen15vnp5l4qtv2mw960ds9tj4wm4yluxuue7yte7t,43479,2022-02-27,24
regen1purk5erx8llhv6epvwan2kauuq993n63fgvk8z,31747,2022-02-27,1
regen1purk5erx8llhv6epvwan2kauuq993n63fgvk8z,21740,2022-02-27,24
regen17qds4fktjshz3fgfg3sflfsnmg3l6hx0x799ee,50000,2022-02-27,24
regen1ustvfq0yf5le67ayk46l6l48n3w8d9w3yf2pur,10870,2022-02-28,24
regen1n3mhyp9fvcmuu8l0q8qvjy07x0rql8q4qlxrup,25000,2022-02-11,24
regen1h4d0wkjdqmcv38ugcy68h67knqcfsgaq0llvyy,5435,2022-02-28,24
regen143q5q3eaf8yjmwylcsq6c85ltnttc5dhfjncku,1593,2022-02-26,1
regen19jpa2w8hag3gn250wyq9ezjm04gglwt3edv69y,54348,2022-02-28,24
regen1mzt3ze64l643fxahll7qpnjpxuf4ythf8fvyn2,10870,2022-02-28,24
regen18ucws7sy39pkya9ct7e9kw5d9v79qjpdtsj3qc,6522,2022-02-28,24
regen10yhlcvh88sux4zmf67udhg5f5z2803z6jm0d25,30435,2022-02-28,24
regen1xgafz0vzdxsgs89p0gnvax8xgujyhh9jjh3lzw,4762,2022-02-28,1
regen1a8zx6ug8acxk0c63mlptffrfcmtfzh34qxgx5a,63493,2022-02-28,1
regen1vkxq45an94x7av85mp9kgnhgep5ye3ankckane,54348,2022-02-28,24
regen14vlj4nel5r68n93zfypc3lwtwcheutuggyyxns,77566,2022-02-28,24
regen1hkg6gmnc0h8wkufgfw7l8nak7gr303urfmddz3,130435,2022-02-28,24
regen1qgxlsmdea9qdu6upzyzfgts3ud5upgw3zphw50,108696,2022-02-28,24
regen1g4xcpf76aq2qxq0a6erzumwu54cc9ftc2hgw38,3135,2022-03-01,1
regen14u0hy6dg9lknxx0ymu7h2eed2pe6jstwcmksl4,54347,2022-02-28,24
regen1qchvy2uqpa03zjtf7rsk75zep9fuv99k7ex4w8,32418,2022-02-27,24
regen150ahj6xt69lfq2lyaydpj8junfdxdc5m6jq8vd,57320,2022-02-27,24
regen1538ez8twxx4j7ny5vram9c90744ef4myeu5zw3,21740,2022-03-01,24
regen1uc52htyetcgp8pdkxzqj7678zgv6tfurqe337c,9655,2022-03-02,1
regen1acvahhe4cgn7wnqvyr8pszw26udpye784hpzah,41461,2022-03-01,1
regen1fd7557scxrcxgyhc9nj5qsvasluqkuxusged6y,53289,2022-03-02,24
regen1hql2cvrhh35s8muwtg4dcp9zw2te52ach5mnda,10870,2022-03-01,24
regen1x46p47jvs8fh6kyk74erhdaq5w37qml6kezqu6,6522,2022-03-03,24
regen1szyleew9gt2uy5vhcqfnz29qpnxrxkcnajpnlp,23810,2022-03-01,1
regen1y0chrlvvjwgs4jw9x6zgg6tt7zv4spjq7h93j3,43479,2022-03-02,24
regen1fj9lz9v2ncmftmwv79n8rqk3f20ymkgkpe57g5,555556,2022-03-02,1
regen1gm2y2tru3vxaf7hulgn4uhjvljd2vf6spkysk5,6522,2022-03-01,24
regen1tsp6m9kuufu5h05ymenhtp2shpt7m9vu2vpa7z,16305,2022-02-25,24
regen1uunpjasy0es2ywe987qwmyscajtnj77v87apal,106226,2022-03-02,24
regen12rquchsxk63l4hquflqezmjkjfvwwgrpny2urr,5435,2022-03-02,24
regen1acvahhe4cgn7wnqvyr8pszw26udpye784hpzah,31778,2022-03-03,1
regen18jlc56v4gxux4wcah5njcnkxv6lde2hnljs7yd,10870,2022-03-03,24
regen1tnqgcmnxsf9hwx3z2ketmqe0gjt3qlxzuud8ax,21740,2022-03-03,24
regen1szyleew9gt2uy5vhcqfnz29qpnxrxkcnajpnlp,31747,2022-03-03,1
regen1llwalt7xfcgu8zz0aenerqv8c6lalt0htahcqn,43479,2022-03-03,24
regen1syeepjsyptnvm3wve8jlyrapwd96yknxnaxvdt,21740,2022-03-03,24
regen1h07z5zl9r8ku2uftstupf7dg0deqez5y8c75ur,21740,2022-03-03,24
regen1dyswq4c4hcvpz2x3wpc8rp2uvzs6aea9jfh4e5,10458,2022-02-26,24
regen18q6tcn40hald96numjmntm36fd4cyl4l3p5nj4,431886,2022-03-03,24
regen1v3dfnu32h5jyqrt536c6yzc907766gvgg6ene7,28572,2022-03-03,24
regen1fvqqujhnkzurffh84dufvkucgjfyawxpw0vzpy,167944,2022-03-02,24
regen1sxattuj6hsh6v8xwjzx6en7cjkylcqfuntfm27,63493,2022-03-04,1
regen1aczmlnlu3puxzl3h7hwpvvyztd2am60rfgj47y,7000,2022-03-02,24
regen10ver7t24cfl0tfnud782xr9q774qeup03hm9ds,39683,2022-03-04,1
regen1wsgzs36ezfmawjj0s9c3qr493wdlm63nkpam7s,21740,2022-03-03,24
regen1gduae7h6rqugxpk4m85vdsge8mu6yz89kkk4ct,10870,2022-02-27,24
regen1efzdqakspsr4spf395szffaa5zqualdxq7u7qk,32622,2022-03-04,24
regen1s7ktlqwaq5he3q5qmxtqxwdpr8crn2ryp55rl7,43479,2022-03-04,24
regen1746r7r3ngpj3y83z7ua8q62xr2u4s9m376ag5c,10876,2022-03-04,24
regen1j5az0zsgacwks4v5qvlwpqycqvgw3nlsmgg2jy,123867,2022-03-04,24
regen1yvu48ys8gr4m5km85flh8fq9q0t55t5m0zkqxh,108696,2022-03-04,24
regen17eknmzrw5uvryl50md8kevkwflm2vtumtzc7qh,10870,2022-03-05,24
regen1eu0qxcsf56zxzld5wnw0mtv6k72qq500vkn92z,43479,2022-03-05,24
regen16htxvcatqpz9m8j69na6acxe8z2xtcqup3c3mc,2655,2022-02-28,24
regen16htxvcatqpz9m8j69na6acxe8z2xtcqup3c3mc,1944,2022-02-28,1
regen10rk2v8pxjnldtxuy9ds0s5na9qjcmh5ymplz87,64372,2022-03-06,24
regen1t04yd3y44gs27zu2p8rwm0nq6wuah5ja40p5ye,2179,2022-03-07,24
regen125eshccftm05w0dau8kfens2l6rcfa0kykd55c,110445,2022-03-07,1
regen1lusdjktpk3f2v33cda5uwnya5qcyv04cwvnkwz,31522,2022-03-07,24
regen1a5cjpqfxrqn8eytkm4tgd4zw4xq8tw84qhquks,54348,2022-03-07,24
regen17d57m988dkx4stg9t2kxhxws408rm2d9us4sxk,39683,2022-03-07,1
regen15fp2m9fah0qfx0d5ea33h4cm2eepmjqja6x3vp,39635,2022-03-08,1
regen1fm9wl7kd3xqplpvq3zruq6dkyjcruxwcuzz65l,396826,2022-03-09,1
regen18e82xnydg3dl48uucafy2a7r8tqh006qurytf7,43479,2022-03-10,24
regen1h44dkvahkp77pjjenw3agsumh66tjkj9rj55xl,65218,2022-03-10,24
regen1rp663mhtdxkv4wgn7rxrlweygwf95lhp5hnlkj,760870,2022-03-11,24
regen1ptf3athu4e5n0p5hu2fqz8esefvurjm2cajjec,54348,2022-03-13,24
regen1c3lpjaq0ytdtsrnjqzmtj3hceavl8fe2vtkj7f,9745,2022-03-13,24
regen1dmzae4tjm6g802uw8tgmtd4gs7dzkle32cfena,3000000,2022-03-16,24
regen1pdujv32j59ycprvjd8e0c82dw90c3hy0cltcrx,223733,2022-03-16,24
regen14y4jpwq4wtvxkp0ncnktumtkfytza3zv0vkuum,21740,2022-03-17,24
regen1txf3ydhe8djfnm53m86ussn95usx0ayywjfwnp,108696,2022-03-19,24
regen1l4882s3jfdm36alteytph6x0f35zm63wxj42sf,108696,2022-03-22,24
regen15kuyqke44arum9afduxagd0lpd6gx6deda08s3,10870,2022-03-24,24
regen1qfgzu3h0f37x0llu4u04sjzw8cfsay88m2yrz9,5435,2022-03-24,24
regen1qfgzu3h0f37x0llu4u04sjzw8cfsay88m2yrz9,3969,2022-03-24,1
regen1jax0gp2kczt3mmp68xt967z92yjnmrdmnv6ygk,6522,2022-03-23,24
regen1wcay5mjcpawfz4amg8pjlfpet3h2lc53ms8d2p,720,2022-03-23,1
regen1wcay5mjcpawfz4amg8pjlfpet3h2lc53ms8d2p,1636,2022-03-23,24
regen1tnzp5vncrk78dp7gwus2jgu48ny2ntlmxn599c,4348,2022-03-23,24
regen1jh7m0y66rg8cd4tjhsm93ymcgvprdv56sdnllu,2179,2022-03-23,24
regen1kvp570cd6zvzh8ffrhz7lmytt6v6u2gxw86hfe,326087,2022-03-23,24
regen1u6k29p7att3rgvycsc9ae3r2mfcsug7npny40w,39709,2022-03-24,1
regen10rk2v8pxjnldtxuy9ds0s5na9qjcmh5ymplz87,19800,2022-03-24,24
regen10ddr2jxc4d2ry0mn6radwcujnv0fhrzkk5nsdq,25397,MAINNET,36
regen1rculxqvkcqlexvy3v4s8jlwh3r4uucglwy3nvc,160000,MAINNET,36
regen13znxfvt0qj5h6vpwefxcwngva7myl6jrhc0uc3,48572,MAINNET,36
regen1x79rtssnqte04nju98kgy65qpmrafm3ekgh4re,650000,MAINNET+1YEAR,24
regen16zszvyk4vdlr2elppv7zfv2772pn5n0x9576me,3000,MAINNET+1YEAR,24
regen1wtpc6lfnfrksmqydtv4dcvrzed0p76r520r9g4,10000,MAINNET+1YEAR,24
regen1pd5v3d5mx52634y5vu3fxy8k5380fenfz72e3s,40000,MAINNET+1YEAR,24
regen10rk2v8pxjnldtxuy9ds0s5na9qjcmh5ymplz87,494408,MAINNET+1YEAR,24
regen1lusdjktpk3f2v33cda5uwnya5qcyv04cwvnkwz,563056,MAINNET+1YEAR,24
regen1jnxwata6tsfjwrzfdrfjncm0gk8qyszljzcyy6,384539,MAINNET,36
regen1j9rrnegkuke32z27rg2ut85hrsaejz0uahnc8j,384539,MAINNET,36
regen1tdc350ylkjfvqk4mjs6rqqksgl2wfghzkwmqvx,384539,MAINNET,24
regen12pff0pykgnu2785csc3sm6e9m4tw9ttwyfxe37,256359,MAINNET+1YEAR,24
regen1y4rzzrgl66eyhzt6gse2k7ej3zgwmnger7pa24,164803,MAINNET,36
regen12ml2jdfjnpcl45frgdvy5neft7d7j68ff9vnad,219737,MAINNET,36
regen1hfdqara7mza08qjur8kzxjldy5wpf8wz3hevrl,109869,MAINNET,36
regen1hfdqara7mza08qjur8kzxjldy5wpf8wz3hevrl,109869,MAINNET+1YEAR,24
regen1pwaumg2er905qjhp423tyuetw9qf9mqgzec8k3,146491,MAINNET,36
regen1nkdy26fmxx00kqz57lqhnk9hyekmye8eqdlkd0,42727,MAINNET,24
regen1rlf9x4lzp04vl3eyt238834pzq8hakr799nhwe,29671,MAINNET+1YEAR,24
regen19pd9jygrlwa2uxn2gqhg2zlf993rha2y825ucn,29671,MAINNET,36
regen1ntuxuv298ek3q4m3gg45lzvrcngwdpfjdjevcz,29671,MAINNET,24
regen13dlusajkg2rdyvnvffrav6wzup0s5zu7x3f2rr,27467,MAINNET,36
regen1xvvtqekcngfewaj8l3ahxhqx5tj6lykveqfk2e,35700,MAINNET,24
regen1xvvtqekcngfewaj8l3ahxhqx5tj6lykveqfk2e,35700,2021-10-20,24
regen10sc6nxu0uc4ss5m4cxdzhwcahc9zte9allwrsh,120999,MAINNET+1YEAR,24
regen1k6z7calf48w39523y5yqd30dwvs7xe4gp8djgz,141885,MAINNET+1YEAR,24
regen19cf8m5rwm9azkseyaufwmgmpur682jfc6ggtpv,141885,MAINNET+1YEAR,24
regen1j9rrnegkuke32z27rg2ut85hrsaejz0uahnc8j,20000,MAINNET+1YEAR,24
regen1xs5wpplzzr6sxhdzytjj0jrxyv7km08nja3azd,20000,MAINNET+1YEAR,24
regen12ml2jdfjnpcl45frgdvy5neft7d7j68ff9vnad,20000,MAINNET+1YEAR,24
regen1hfdqara7mza08qjur8kzxjldy5wpf8wz3hevrl,20000,MAINNET+1YEAR,24
regen1k6z7calf48w39523y5yqd30dwvs7xe4gp8djgz,60000,MAINNET+1YEAR,24
regen19cf8m5rwm9azkseyaufwmgmpur682jfc6ggtpv,60000,MAINNET+1YEAR,24
regen1unj77tavcgsh3c70tp9yvhwlngz2a6azc9xljt,20000,MAINNET+1YEAR,24
regen10sc6nxu0uc4ss5m4cxdzhwcahc9zte9allwrsh,60000,MAINNET+1YEAR,24
regen1ehmlxuk0q7ml22m0nt40vg4nsapd7600ujkjez,20000,MAINNET+1YEAR,24
regen1nztdcyrrkza3gnjvvhh4y2uj8qphe7mwr3rfsj,20000,MAINNET+1YEAR,24
regen19l5vqu403kd45qf6stc54hja7sdt6tn43r4zj7,20000,MAINNET+1YEAR,24
regen135lslxk6r0eml99xpa2cd6mwcjv7cnd06y5t25,600000,MAINNET+1YEAR,24
regen1gdstxh9drqpyy38yxcky373x3fyddpdgnrupk8,357143,MAINNET,36
regen1gdstxh9drqpyy38yxcky373x3fyddpdgnrupk8,14286,MAINNET,24
regen1m00edwcxvg6qpvhpyuzwff2u4tex6wuz702w9e,54934,MAINNET,1
regen1x3g4jcj8s5yfg90ulwj6m66zwqlka29y7mat49,100000,MAINNET,36
regen1dgwrdvpgla852slj6g4ukj66f9uh6ectzye8v5,6000,MAINNET,36
regen17x7nq90x8azqu8zf5x3qvt6nlcgjvkk7hatu4r,22110,MAINNET,36
regen15urq2dtp9qce4fyc85m6upwm9xul3049re4h4f,250000,MAINNET+1YEAR,1
regen1k99r5qm7ghccneh82n009ylnefr3j05965a3zh,250000,MAINNET+1YEAR,1
regen1snn4uhxh04gzpgk4l8naw3n6fu7ucwx3zfv0hn,138500,MAINNET+1YEAR,1
regen1vxxfhd8txmrq76jx3gj7sdrvg0vvqretx8ewqw,150000,MAINNET+1YEAR,1
regen1ypwzuhaffvr06ktu0ne6lnm69gxj32qwjg7u8l,8756,MAINNET+1YEAR,1
regen1h5z08rzvrwt3pzdjc03upvuh2x0j3yskr2e95r,5045,MAINNET+1YEAR,1
regen1snn4uhxh04gzpgk4l8naw3n6fu7ucwx3zfv0hn,1000,MAINNET+1YEAR,1
regen136k6u22ukc7k59murkp2wqllexcu5d859z7lt8,9401,MAINNET+1YEAR,1
regen1h2dcfp6q2uhel6tmt4rnnjnxu64pz30nur6a0k,12899,MAINNET+1YEAR,1
regen1l0n5gentr360ej38jqsnauds5wawdz9z4qackj,16175,MAINNET+1YEAR,1
regen1cytt9ru6a48j4un4gn5355lgmqankl0lcm4qrp,21026,MAINNET+1YEAR,1
regen10yhlcvh88sux4zmf67udhg5f5z2803z6jm0d25,26477,MAINNET+1YEAR,1
regen13wqnuvn3tuqq2t6epf4dtknxma0f27jn8lllyl,2973,MAINNET+1YEAR,1
regen1h27guwpast9p73xxtpfyqkfgkpvf6yvwk6evhn,13631,MAINNET+1YEAR,1
regen1273zsxhxd5dlgcr2zjf5x25275hjcp3uqxxdjn,8807,MAINNET+1YEAR,1
regen18ksj3zyxj27mhwatl39heymregu87armuxs3y6,12809,MAINNET+1YEAR,1
regen1hkfmws6xjq20whagaewy6a6zjc6c2k6ycl8dc7,15279,MAINNET+1YEAR,1
regen1r54j0qjwak9n872lmrc3ndamn5h3kac36dfm9q,13982,MAINNET+1YEAR,1
regen1xhhquwctvwm40qn3nmmqq067pc2gw22e6q3p3c,7696,MAINNET+1YEAR,1
regen1lplgz3l48uk9whts0c87ehryg3felgkj6p395x,9211,MAINNET+1YEAR,1
regen17fglrr3wlansgvrfvvtxga8s0h7unc4d7ftrdd,17576,MAINNET+1YEAR,1
regen1hcyuhn3jx30w4f88trwr6rcxqmd94zmah3ad7m,6311,MAINNET+1YEAR,1
regen1ws69ulanu85flhnkwgsdpr3yj8sa5h57akrff7,14615,MAINNET+1YEAR,1
regen15swmljrhah38elckgp7dn4h2xd36lmc8dwkwah,4331,MAINNET+1YEAR,1
regen1p3vzy48erskut3z36wgkquthplvyq7h68ts6kv,14736,MAINNET+1YEAR,1
regen1apv0w4n76d6jlcrypf0juuxggypsq537egtxw3,449,MAINNET+1YEAR,1
regen14gra89zm8753pfuhvujjulmtkf2qq70fxxayts,7044,MAINNET+1YEAR,1
regen19xw9m2dv9j7qg7uhapgd28mkcwsqk5utvtwurc,22032,MAINNET+1YEAR,1
regen1zqv8qxy2zgn4c58fz8jt8jmhs3d0attcussrf6,15626,MAINNET+1YEAR,1
regen1fe6afzsuqyj08zmx3pacs2nxz33cymvfv4fwa6,20042,MAINNET+1YEAR,1
regen10valuxrrt5guceq5eu8tcf566vkegylkanzf68,10586,MAINNET+1YEAR,1
regen1cqqfdckre5g7yjrvr7zpxf9pexqvmrafukk2y0,6154,MAINNET+1YEAR,1
regen1xk5hddxck0tevelchlvcq93waqd07ant6tt4ex,9340,MAINNET+1YEAR,1
regen12ftk2gst84zqn9ny2hcuyntuz4jfnxpnr2yvfd,11734,MAINNET+1YEAR,1
regen194calw7yzxq2m3r6gt7mcs9vpum0ewujjaxx8x,21872,MAINNET+1YEAR,1
regen1q07u5g9s5cy5d3tj923v0nt870x073ele8gnh7,14110,MAINNET+1YEAR,1
regen1f42nr0n4lj2vjrzj4elrmmrg8c95ccdmwph5td,3270,MAINNET+1YEAR,1
regen1x63qwxnefsevw5fu0x55k0vwnxjy3zjt27h258,3270,MAINNET+1YEAR,1
regen1pwq2ha7hncx59xrkm92ghpnrdxvr8aalvn2rqk,3497,MAINNET+1YEAR,1
regen15yzm26yg8h5dgl7r93qxawyqtyplhvyy0h7tn2,2526,MAINNET+1YEAR,1
regen18nfe0cg9w0qlvp0mdtrr4ksc2xfdausezwj6th,6974,MAINNET+1YEAR,1
regen14d3qksugfs5skzze2t2hyczlkj9t2lyy5t7mad,1192,MAINNET+1YEAR,1
regen16dxk5trv9nz7jnpyvz48ngve45an4hkq2mqv6v,20102,MAINNET+1YEAR,1
regen1s0lankh33kprer2l22nank5rvsuh9ksap3qcst,6949,MAINNET+1YEAR,1
regen174tvh2dty7vsvwn2cfsmkwq8tplqgr5fduvkkk,2152,MAINNET+1YEAR,1
regen1k4twvnq2szkgxa8ax994resn7y5wc04vy22fzt,7252,MAINNET+1YEAR,1
regen1qvhya34drqvgm4wktat7mc2funxzgyj8j3nsra,2828,MAINNET+1YEAR,1
regen1rc5a9pkamj9a768vhmqswqwacc3ud58602lhmc,2828,MAINNET+1YEAR,1
regen1x7a0ltsxnpx9y3rt7s45q33a83nv7dlfgvryww,2233,MAINNET+1YEAR,1
regen1fcpcgx8la9m3d3h5dg56haljuyas6g3d73csu0,3126,MAINNET+1YEAR,1
regen17qds4fktjshz3fgfg3sflfsnmg3l6hx0x799ee,14395,MAINNET+1YEAR,1
regen1ys66vc8p2t2tw66a845wpxjmrh8phv825qky32,2680,MAINNET+1YEAR,1
regen1l974vmy2s9aqf97fya6ufyhuv2g4p4grlu404y,2680,MAINNET+1YEAR,1
regen1e79eryjjx8ec0j7r4wz6xlxevlavqacm0m9tw7,8921,MAINNET+1YEAR,1
regen1hp6rhq5mcqdz6qjpde4dz89q7qd5czwnfjxcc5,8545,MAINNET+1YEAR,1
regen1hms4lpl55sgq25ln05t6xz5qln0zfwz7m6fyv8,1844,MAINNET+1YEAR,1
regen1ygs82ze88gpjyc3jjzgx0mjv8j9p0nsur2j68y,2636,MAINNET+1YEAR,1
regen1zazkgcnssxu2k8qkanjg2xfy5vwrg6vyhtlzy5,8096,MAINNET+1YEAR,1
regen1repa02nwperexxj43yqlxayc6lfmdcknrkkscs,1857,MAINNET+1YEAR,1
regen10ly6x72gn9jaq97yt0xr0mxgmzg4zxyg6xyhcv,6281,MAINNET+1YEAR,1
regen1mjklryet2s5fdl3w3c6a3vgrdfn6atvrcc9pym,100,MAINNET+1YEAR,1
regen1gmjukujzn9cwedfmt43g3rwwtavhau74fvldjt,6900,MAINNET+1YEAR,1
regen1jjt6lr3pcz45fltd4x9dqu3pdzgpjy4qehk3gl,6900,MAINNET+1YEAR,1
regen1prmkxlgwgv2tfgar7rhw7l3j95y0jv56m0reea,5654,MAINNET+1YEAR,1
regen1r0wsxufrlf00cd70qnplr4pzrer3s6yrjddtxq,100,MAINNET+1YEAR,1
regen14w6tazftgge77056hrynklfcez7gkusn5mwd4m,3458,MAINNET+1YEAR,1
regen1c6y5327srgxfvrl26sujw7ckcttwh2xuyjkcfm,5083,MAINNET+1YEAR,1
regen10jtt05ucywl3kx90xceepcx7ce44nchl4dc7fk,2636,MAINNET+1YEAR,1
regen19yvvl0cz068qu4sg7v2pxln0cqm8nt77e5ejd2,4186,MAINNET+1YEAR,1
regen1g9t95arlf4cmsxt6mq7haec9thkx3ar70hqkrn,1116,MAINNET+1YEAR,1
regen19dvkuxduxvm0qqq4z48zf7a4tt5haskukls95y,2450,MAINNET+1YEAR,1
regen1l5nh44tlh3mk27erwyh8qn9h3j8uw7uvknez5d,4532,MAINNET+1YEAR,1
regen1a6qcwd427rw3a5smp5s5nxyh374ta0nkhr5r3t,9577,MAINNET+1YEAR,1
regen17uv9je25xc90cmesv6j8534smn2gq980s7d9lh,8363,MAINNET+1YEAR,1
regen1pjcwytz074k2laadnja4gnd4xwf9c94fu5y4jd,5157,MAINNET+1YEAR,1
regen1uk6gyhwdeu2txtmejapskmw4wpfz7chqlrx3ce,2970,MAINNET+1YEAR,1
regen179luvthvww4t0cawrcsv3t7a8amr4n7ggsr7m3,449,MAINNET+1YEAR,1
regen1t5pglkgph0lewcrlg5kjxe2u4e64wt7zc8js4w,6728,MAINNET+1YEAR,1
regen1wrhke64s4t0dl2fwqflkkuxdry2a8mp6nz4845,1934,MAINNET+1YEAR,1
regen1v75rulfftgrck08sl888kal09rz99mf28tzaut,1562,MAINNET+1YEAR,1
regen1mmhv8q8jnss3rvw8ce7ypk5h925z2guna0lcae,2382,MAINNET+1YEAR,1
regen12txn46zjym2p8h7nfypde9jdu887tkycr003ql,4088,MAINNET+1YEAR,1
regen12g5m38uf5zlnjmgprn6yly69pquerf0t5wjw4z,449,MAINNET+1YEAR,1
regen1kzhxmgp8z05zrj90nd8h5qx9pm949an5cewtgn,7731,MAINNET+1YEAR,1
regen1wrdlkk5wpedem5gkpe2efa5hadd69jzpj5e9yf,2085,MAINNET+1YEAR,1
regen1hy9cgqnnssgq060hzl8zd7v8wavhx3ha9knlnv,2331,MAINNET+1YEAR,1
regen1qvn6ghe68l4g0k7s25rujr6yfpyrm6h3399jvu,6319,MAINNET+1YEAR,1
regen153dka3lmwzfzzm6yfmz2tt2wkz6nmanl4qjgch,7283,MAINNET+1YEAR,1
regen1u6gux47kqfsxxyk74uu0fy9y8y2rxhl00er6hf,9702,MAINNET+1YEAR,1
regen1u26sz6kydnmpr5zq6nureav4xhasak8n5cxds8,9706,MAINNET+1YEAR,1
regen17s98zt5l74tqpg63364q53wmr2j077gux6yha6,5498,MAINNET+1YEAR,1
regen17ts96cqqwml4dv7p2qwwjh97x8j7egwf9yy67n,5649,MAINNET+1YEAR,1
regen17wzcetpuwjkcrk6fmg86ryv389882l356nj5qm,7309,MAINNET+1YEAR,1
regen1zusxlksn7tpcvtrt2k2yxngjfzcpqwgwljup0s,3423,MAINNET+1YEAR,1
regen1y4rzzrgl66eyhzt6gse2k7ej3zgwmnger7pa24,3922,MAINNET+1YEAR,1
regen1407d25jg9p565nrexr8ygtaz3smuh63q5ncm9y,2408,MAINNET+1YEAR,1
regen1vxsf7gj3g25hk7ewsnzhqdl284m9mlahja97yg,744,MAINNET+1YEAR,1
regen1gl34t2kqufmev8752kdw80g4dsymhatay9zlra,2828,MAINNET+1YEAR,1
regen1cjkyp5qfeefwguqepvn058sp6pmqlusct9jglq,2308,MAINNET+1YEAR,1
regen1x5gyzd463fzqvenpm0sshflshaal790e7lwtcd,3769,MAINNET+1YEAR,1
regen1wtv0kp6ydt03edd8kyr5arr4f3yc52vpt240tt,8782,MAINNET+1YEAR,1
regen1hdgpwl4x74w8c0qqpj84wgpaj93fekarrujg6q,12818,MAINNET+1YEAR,1
regen1d4tpswq0vxfqxeqln7k98qatl3cxmjqle4kw3q,4348,MAINNET+1YEAR,1
regen1dpxydpj88z865rrq8pma9wyt3nq37nay9uc8j8,5728,MAINNET+1YEAR,1
regen1kxueppl2evvherc487rwxa2rf932pxm7lsrmua,1192,MAINNET+1YEAR,1
regen16fzkfglaqmp36cvqum0zguyanhmtkj89a2k5kn,12072,MAINNET+1YEAR,1
regen1z89utvygweg5l56fsk8ak7t6hh88fd0atg6xnv,12251,MAINNET+1YEAR,1
regen1gfy39gctfrfey9nfky3d2sc09erph4c089d7kj,7791,MAINNET+1YEAR,1
regen1yzcsmh53tqrum3dtpwsc78pvu8u8gdchk5admv,171,MAINNET+1YEAR,1
regen1qh93r5j50da59pczcnkc56nlcev4vlpdnvnscr,372,MAINNET+1YEAR,1
regen1ekusejwdfrh3dpxm5u0ce3yj0kr2404lzrc8ld,20342,MAINNET+1YEAR,1
regen1kmjlq5fqwc63ycw57qa4c7kkw7e0xu83n5k0v5,10612,MAINNET+1YEAR,1
regen1y4dagnwxsza5tm45m3te3rpkfe74ceqvsn8jg7,5609,MAINNET+1YEAR,1
regen1lu9y3ml3kr0n0um89tp6z2tn7nmwjadgpt7z6g,3003,MAINNET+1YEAR,1
regen1gy0ksf06aw87v2uufelxxdy6x0wcthzenwzxlg,3825,MAINNET+1YEAR,1
regen1pqg8ehycl6wp4ccwar70x6cs2e0dpuymju5hdu,6316,MAINNET+1YEAR,1
regen1sa2m4yka68hvk42u0dmsvfj5uckfjuxa209aul,6728,MAINNET+1YEAR,1
regen1t2ek3whhllrlkq44phrc729kpw7dg9wk3n5n0h,8170,MAINNET+1YEAR,1
regen158twgzgzd647va5xvdleqra3qnqa7yg9ywf00n,9376,MAINNET+1YEAR,1
regen1d92tfnkge6qcvt3jy42j0dx6vvt4tjmfr2xjyg,4164,MAINNET+1YEAR,1
regen18h8hdy2npph0w9wkj86dy9gdj5jm92snhfp9n4,4446,MAINNET+1YEAR,1
regen1agd2hymh6h6dr0r7pt9u45kq4hwwx8pkds3fdl,9776,MAINNET+1YEAR,1
regen1d2z453yev6xmqk48dsqllxlztwwx7tr07euq0c,4276,MAINNET+1YEAR,1
regen15vhlchk983xd7hlhf5eh5uugs759jf2z8h49w4,1194,MAINNET+1YEAR,1
regen1esq08388phznkerfhg2ce26f66yj3s5sejf6jy,10022,MAINNET+1YEAR,1
regen1fhj7pkuvwflr7z7ngp2v9tj7g58aq2tj5alx43,1757,MAINNET+1YEAR,1
regen14kn0kk33szpwus9nh8n87fjel8djx0y0yemjp9,12229,MAINNET+1YEAR,1
regen10xv3mmp66rf95w0js8mc7ckm6dlwgcsm69jkel,11799,MAINNET+1YEAR,1
regen14g3lkhp88wzlnu586qlj4przpahqur23pw5rv4,9421,MAINNET+1YEAR,1
regen168kzt5k4z2y86ef5h948f7xefmd8ejd4drvz27,2908,MAINNET+1YEAR,1
regen1vwmkalaj76na8gwck072setwsddann3mfgcl6p,13842,MAINNET+1YEAR,1
regen16ch5upttpe5rj395f8lp7yhe8v0qrkhxpwsdxt,3361,MAINNET+1YEAR,1
regen1me6xrxj80cp4smrmy2mwaan67spnsen90ddh73,9210,MAINNET+1YEAR,1
regen192lk782jerqfsherr9th6s7csnrx5flj66w3yr,1564,MAINNET+1YEAR,1
regen144ars7w9wxnya643wg0nj3mt7v82ykmhq4zre5,821,MAINNET+1YEAR,1
regen1m00edwcxvg6qpvhpyuzwff2u4tex6wuz702w9e,5091,MAINNET+1YEAR,1
regen1yw2xd42y79t650n55ddp6pjdp9sd97syjwqg7u,1174,MAINNET+1YEAR,1
regen19rjvlgmhvyejkr9lhtxnmqyc6hkc64rfmmsdqh,2680,MAINNET+1YEAR,1
regen1tfyj4w6376y6r633y8xzldh9j0qtgyp2nr5qe3,578,MAINNET+1YEAR,1
regen1auz89mhmlu4egvpj3epn4cadmxwekzkkmnp20m,6961,MAINNET+1YEAR,1
regen1ems5wfj35ah3qadk3n8ffadu7mcsr6uuuegmw6,2773,MAINNET+1YEAR,1
regen163g6kygmh08mgp0kj4gkenl4hj6nsqzg82ctlt,12922,MAINNET+1YEAR,1
regen16x03wcp37kx5e8ehckjxvwcgk9j0cqnhv7rayj,3060,MAINNET+1YEAR,1
regen1rlf9x4lzp04vl3eyt238834pzq8hakr799nhwe,1067,MAINNET+1YEAR,1
regen1xdu7mrh5x7ecdd8rfy335vq6dj4vq0kug59tx8,1265,MAINNET+1YEAR,1
regen1ceunjpth8nds7sfmfd9yjmh97vxmwqfy4e70qz,16520,MAINNET+1YEAR,1
regen1mqtnspwqmuqpwera2p24j0gy0v5ajz9k4drd3m,6522,MAINNET+1YEAR,24
regen1rhj2v0cc0nktyzev26uas4djpum3jh2dwqaltf,685,MAINNET+1YEAR,1
